{"1": 0.0004081489074470511, "2": 0.01487196199694854, "3": 0.007485239342550876, "4": 0.007351257489767376, "5": 0.007391140269225239, "6": 0.0073867676870904096, "7": 0.007642564899881854, "8": 0.007313422918830231, "9": 0.00851331371951049, "10": 0.007313422918830231, "11": 0.007347689859298435, "12": 0.008273429698219911, "13": 0.0073819567997666395, "14": 0.00758852675954953, "15": 0.007623272037731594, "16": 0.007416701050753569, "17": 0.007313422918830231, "18": 0.007279624467158954, "19": 0.0074162237402348435, "20": 0.007279155978362026, "21": 0.007347689859298435, "22": 0.008961022623002015, "23": 0.008855435239899439, "24": 0.007347689859298435, "25": 0.007794639260113033, "26": 0.0074504906807030475, "27": 0.007656585072044144, "28": 0.007347689859298435, "29": 0.0076223159261454895, "30": 0.007965007385132028, "31": 0.007347689859298435, "32": 0.007793160085385094, "33": 0.007279155978362026, "34": 0.007587558442575866, "35": 0.007862199947436066, "36": 0.00769035926398048, "37": 0.007553291502107661, "38": 0.007793160085385094, "39": 0.00762182538304407, "40": 0.007279155978362026, "41": 0.00762182538304407, "42": 0.007588046780246837, "43": 0.008376237135915872, "44": 0.008101562549598935, "45": 0.008512765835217392, "46": 0.007279155978362026, "47": 0.00851331371951049, "48": 0.008376237135915872, "49": 0.008958812616192986, "50": 0.007347689859298435, "51": 0.012694149519146242, "52": 0.007279155978362026, "53": 0.009986886993152597, "54": 0.00799927653103068, "55": 0.00991834870135529, "56": 0.007965511208940993, "57": 0.007965007385132028, "58": 0.007793661655638759, "59": 0.007553291502107661, "60": 0.0074162237402348435, "61": 0.007347689859298435, "62": 0.007725123363841451, "63": 0.00789646909333472, "64": 0.007965511208940993, "65": 0.007553291502107661, "66": 0.007279155978362026, "67": 0.007279155978362026, "68": 0.007656092323512275, "69": 0.008602729610183005, "70": 0.00862714498909096, "71": 0.007519984132387447, "72": 0.00758852675954953, "73": 0.00834143113287637, "74": 0.008102596463265162, "75": 0.007657069386711614, "76": 0.008102083968726642, "77": 0.00769035926398048, "78": 0.0074162237402348435, "79": 0.007313422918830231, "80": 0.007656092323512275, "81": 0.007553777634348182, "82": 0.0077588931449168895, "83": 0.0074162237402348435, "84": 0.007279155978362026, "85": 0.0073819567997666395, "86": 0.007279155978362026, "87": 0.007279155978362026, "88": 0.010308012482058369, "89": 0.007313422918830231, "90": 0.007313422918830231, "91": 0.007195340647671001, "92": 0.007279155978362026, "93": 0.007279155978362026, "94": 0.007347689859298435, "95": 0.007347689859298435, "96": 0.007279155978362026, "97": 0.007279155978362026, "98": 0.007484757621171252, "99": 0.008238630311471755, "100": 0.007347689859298435, "101": 0.007279155978362026, "102": 0.007279155978362026, "103": 0.007279155978362026, "104": 0.007279155978362026, "105": 0.007656585072044144, "106": 0.007228986326439207, "107": 0.007194719385971002, "108": 0.007265512584936849, "109": 0.007194719385971002, "110": 0.007194719385971002, "111": 0.00952577440041982, "112": 0.00952577440041982, "113": 0.00952577440041982, "114": 0.007194719385971002, "115": 0.00952577440041982, "116": 0.009628575221824434, "117": 0.0016488835445391335, "118": 0.0008826848652308124, "119": 0.0005535034533151045, "120": 0.0006031771195579706, "121": 0.0004806814415441716, "122": 0.0007524238866240716, "123": 0.001097648282481379, "124": 0.0008559912053812638, "125": 0.003037368391479918, "126": 0.00030363217200957214, "127": 0.0022417668453236415, "128": 0.003247489799119916, "129": 0.011162233525828546, "130": 0.0017880970741959935, "131": 0.002041802424341642, "132": 0.0009940809637241867, "133": 0.001082173440512289, "134": 0.0006367245633955064, "135": 0.00025835243293239474, "136": 0.00046548707044677916, "137": 0.0003964421912753177, "138": 0.00025835243293239474, "139": 0.001642130152438772, "140": 0.0005374120856953886, "141": 0.00025835243293239474, "142": 0.0008014816561978551, "143": 0.0010124857639463374, "144": 0.0013569098974413921, "145": 0.00038782403818778626, "146": 0.000287514532645992, "147": 0.0004929393743976898, "148": 0.000561483105666453, "149": 0.0009043882338575803, "150": 0.0004777777374201439, "151": 0.000737321292567466, "152": 0.000424341076791366, "153": 0.000424341076791366, "154": 0.000424341076791366, "155": 0.00025299209306026127, "156": 0.00039297495163107075, "157": 0.0008003408101030258, "158": 0.000805351126431953, "159": 0.008686325244870499, "160": 0.001620227561457667, "161": 0.001979114072346798, "162": 0.0012886652806321831, "163": 0.00039446087187130016, "164": 0.00025736467519509216, "165": 0.00029188711478082293, "166": 0.0009261457350518791, "167": 0.00025736467519509216, "168": 0.0003284431945685157, "169": 0.0012284127500709963, "170": 0.0006335492237124205, "171": 0.0023395190678335074, "172": 0.0008117573487687458, "173": 0.001259607891421302, "174": 0.00041108647988491584, "175": 0.0013366901739889968, "176": 0.0013024830298620123, "177": 0.0006853394262861251, "178": 0.0010281556092876366, "179": 0.0004111099865902347, "180": 0.0002777469790894924, "181": 0.00024322453950376168, "182": 0.0004158367374324153, "183": 0.00024322453950376168, "184": 0.0004503591770181461, "185": 0.0003122694186752231, "186": 0.00024322453950376168, "187": 0.0003122694186752231, "188": 0.00035113574750857195, "189": 0.00038542315246356285, "190": 0.00024827353264359934, "191": 0.00024322453950376168, "192": 0.0004030730177089497, "193": 0.00026586678435354264, "194": 0.00026586678435354264, "195": 0.0005745808094032085, "196": 0.0004030730177089497, "197": 0.00026586678435354264, "198": 0.00047167613438665326, "199": 0.0003344699010312462, "200": 0.0002658667843535427, "201": 0.0002658667843535427, "202": 0.0002658667843535427, "203": 0.00024322453950376168, "204": 0.0003604711688541777, "205": 0.0006005340781969386, "206": 0.00032617646751949763, "207": 0.00029188176618481754, "208": 0.0002575870648501374, "209": 0.00032617646751949763, "210": 0.0002575870648501374, "211": 0.00036262680408425383, "212": 0.00025972715480710427, "213": 0.00025972715480710427, "214": 0.00025972715480710427, "215": 0.00025972715480710427, "216": 0.00025972715480710427, "217": 0.00025972715480710427, "218": 0.00029402703789948746, "219": 0.00029402703789948746, "220": 0.00029402703789948746, "221": 0.0005194040561896075, "222": 0.0003122694186752231, "223": 0.0002777469790894924, "224": 0.0002777469790894924, "225": 0.0003122694186752231, "226": 0.0002777469790894924, "227": 0.00024322453950376168, "228": 0.0004503591770181461, "229": 0.0004158367374324153, "230": 0.00024322453950376168, "231": 0.00024322453950376168, "232": 0.0003122694186752231, "233": 0.0005194040561896075, "234": 0.0002847211263743042, "235": 0.00045616748903685246, "236": 0.0002504318538417945, "237": 0.0003190103989068138}